104/1,104/9,105/3,105/7,106/1,106/11,107/3,108/3,109/1,109/9
KN61954943,GN00501503,HK64181067,GR09670503,FD45407018,FQ64468646,FR63550836,SA96657261,XZ26711561,FL10175808
JW60538934,GR28333931,GR09691508,HK64176094,FU37629649,FU37591302,FU37548564,SN29963944,XZ26711547,GB80984542
JL01778805,HK40602771,HF73411008,HK64175558,FQ64467656,EW07459160,FQ64460525,SB03251342,XW54574007,FD45407018
HE39469262,HK64189114,GR09678558,HL26841669,FC62315568,EW07478609,FQ64454940,SA96653821,XW90425407,FU37629649
GY63856948,GR09686332,GS41184295,HF33828861,FT56090768,FC62306891,FB89283323,SG37999284,XW39793894,FQ64467656
HK48694220,HF33854509,GS41159313,GR09666214,EU23962516,FU37573571,GB55098459,SA90260738,XY12345945,FC42024722
,GV77299317,HV56447473,HL63432217,FU37609201,FR63550857,,SK25895230,XY12620025,FC42024724
,GR09693446,,FL10175808,FU37608755,,,SJ33772506,XY42002621,FC32742024
,HF33852821,,GB80984542,,,,SJ79563757,XY09330945,FC42024723
,GR09681765,,,,,,SA90257776,XY09034947,
